{"weights": {"lottonumerot": -3.922467888721446, "deals": -3.7111587950542386, "porn": -3.7111587950542386, "roulette": -3.7111587950542386, "gratis": -3.7111587950542386, "netiss": -3.7111587950542386, "slot": -3.7111587950542386, "eikä": 3.6898689484463008, "kyllä": 3.5930582200831616, "saannot": -3.585995652100234, "alekoodi": -3.585995652100234, "gigantti": -3.585995652100234, "casinos": -3.4428948084595596, "kenon": -3.4428948084595596, "citymarket": -3.4428948084595596, "äkkilähdöt": -3.4428948084595596, "uae": -3.4428948084595596, "slots": -3.4428948084595596, "hentai": -3.4428948084595596, "peliautomaatti": -3.4428948084595596, "tysin": -3.4428948084595596, "mys": -3.4116422649554536, "massage": -3.4116422649554536, "netticasino": -3.3115588063984713, "nettikasino": -3.3115588063984713, "pokeri": -3.3115588063984713, "tähän": 3.286132449238754, "seksiseuran": -3.275840723796394, "kik": -3.275840723796394, "eivt": -3.275840723796394, "snnt": -3.275840723796394, "sob": -3.275840723796394, "peleja": -3.275840723796394, "bingo": -3.275840723796394, "titan": -3.275840723796394, "glo": -3.275840723796394, "plle": -3.275840723796394, "bonuskoodi": -3.275840723796394, "bondage": -3.275840723796394, "kiiminki": -3.275840723796394, "discount": -3.275840723796394, "bangladesh": -3.275840723796394, "lydt": -3.275840723796394, "enemmn": -3.275840723796394, "milf": -3.275840723796394, "seksiseura": -3.275840723796394, "pokies": -3.275840723796394, "osaka": -3.2003331712882463, "voitonjako": -3.2003331712882463, "thn": -3.0751700283342434, "cialis": -3.0751700283342434, "paysafe": -3.0751700283342434, "abloy": -3.0751700283342434, "nama": -3.0751700283342434, "inch": -3.0751700283342434, "netissa": -3.0751700283342434, "bd": -3.0751700283342434, "thailand": -3.0751700283342434, "lonkero": -3.0751700283342434, "casinoeuro": -3.0751700283342434, "oss": -3.0751700283342434, "mavic": -3.0751700283342434, "hnen": -3.0751700283342434, "hnt": -3.0751700283342434, "suunto": -3.0751700283342434, "raha-automaattiyhdistys": -3.0751700283342434, "vinkkej": -3.0751700283342434, "tanaan": -3.0751700283342434, "matkapojat": -3.0751700283342434, "bbw": -3.0751700283342434, "fenix": -3.0751700283342434, "hedelmpelit": -3.0751700283342434, "piv": -3.0751700283342434, "pset": -3.0751700283342434, "dotonbori": -3.0751700283342434, "pelikoneet": -3.0751700283342434, "pelikone": -3.0751700283342434, "comparison": -3.0751700283342434, "peliss": -3.0751700283342434, "ohne": -3.0751700283342434, "tiedt": -3.0751700283342434, "msi": -3.0751700283342434, "codes": -3.0751700283342434, "artek": -3.0751700283342434, "nettiruletti": -3.0751700283342434, "sotka": -3.0751700283342434, "deit": -3.0751700283342434, "eurojackpot": -3.0751700283342434, "amateur": -3.0751700283342434, "dyson": -3.0751700283342434, "lhde": -3.0751700283342434, "alekoodit": -3.0751700283342434, "aleenta": -3.0751700283342434, "webnode": -3.0751700283342434, "levitra": -3.0751700283342434, "seksitreffi": -3.0751700283342434, "eroottista": -3.0751700283342434, "portal": -3.0751700283342434, "netist": -3.0751700283342434, "weber": -3.0751700283342434}, "bias": 3.858349971688731}